{"src_pts": [[-5.49090603795216e-07, 1.1307860595119804e-06], [0.22929247415553633, 0.13240096786375377], [0.28485729520264247, 0.16448981210193192], [0.2647730193041111, -1.4426855353319099e-05], [0.32893839146571663, -2.1230423640981357e-05], [0.22935233583574433, -0.13069222234263944], [0.2850042465971221, -0.16433008133068566]], "dst_angs": [[1.0471975511965979, 0.7853981633974483, 0.0, 2.356194490192345], [1.0471975511965979, 0.27, 1.0307963267948965, 1.8407963267948966], [1.5707963267948966, 0.7853981633974483, 0.0, 2.356194490192345], [1.5707963267948966, 0.27, 1.0307963267948965, 1.8407963267948966], [2.0943951023931957, 0.7853981633974483, 0.0, 2.356194490192345], [2.0943951023931957, 0.27, 1.0307963267948965, 1.8407963267948966]]}