{"src_pts": [[2.3309479346700357e-14, 1.6968448694754112e-10], [0.22422545541630268, 0.14153023961611494], [0.2848060317826028, 0.16446203321216185], [0.26477636018413253, 1.4938374572778974e-05], [0.3289385507714343, -3.0595087087200747e-05], [0.2291780970909818, -0.13049379326084654], [0.28564340341316574, -0.16344207912584333]], "dst_angs": [[1.0471975511965979, 0.7853981633974483, 0.0, 2.356194490192345], [1.0471975511965979, 0.27, 1.0307963267948965, 1.8407963267948966], [1.5707963267948966, 0.7853981633974483, 0.0, 2.356194490192345], [1.5707963267948966, 0.27, 1.0307963267948965, 1.8407963267948966], [2.0943951023931957, 0.7853981633974483, 0.0, 2.356194490192345], [2.0943951023931957, 0.27, 1.0307963267948965, 1.8407963267948966]]}