{"src_pts": [[-1.0735023980856795e-12, 1.083904840881722e-10], [0.22929387792928743, 0.13240773338683517], [0.2848859837606146, 0.16444146551353533], [0.2647762258589649, -1.1497051029273758e-05], [0.3289414188293579, -1.0063785516516675e-05], [0.22905095695089422, -0.1304239982328463], [0.2852617302260616, -0.16423794594342705]], "dst_angs": [[1.0471975511965979, 0.7853981633974483, 0.0, 2.356194490192345], [1.0471975511965979, 0.27, 1.0307963267948965, 1.8407963267948966], [1.5707963267948966, 0.7853981633974483, 0.0, 2.356194490192345], [1.5707963267948966, 0.27, 1.0307963267948965, 1.8407963267948966], [2.0943951023931957, 0.7853981633974483, 0.0, 2.356194490192345], [2.0943951023931957, 0.27, 1.0307963267948965, 1.8407963267948966]]}